assembly,candidate_index,candidate_name,party,total_votes_evm,rank,is_top4
Adampur,1,Chander Parkash S/O Arjun Lal,INC,64955,1,1
Adampur,2,Bhavya Bishnoi,BJP,63685,2,1
Adampur,4,Randeep Choudaryvas,INLD,1853,3,1
Adampur,3,Bhupender Beniwal,,1806,4,1
Adampur,0,Krishan Gangwa Parjapati,JJP,1288,5,0
Adampur,9,Rajesh Kumar,,323,6,0
Adampur,10,Ramphal,,197,7,0
Adampur,11,Renu Chahal Balsamand,,154,8,0
Adampur,8,Parmod Baswana,,57,9,0
Adampur,7,Chander Parkash S/O Raja Ram,,51,10,0
Adampur,5,Baljeet Singh,,40,11,0
Adampur,6,Amit,,29,12,0
Ambala Cantt,0,Anil Vij,BJP,59686,1,1
Ambala Cantt,6,Chitra Sarwara,,52438,2,1
Ambala Cantt,3,Parvinder Pal Pari,INC,14412,3,1
Ambala Cantt,2,Onkar Singh,INLD,2857,4,1
Ambala Cantt,1,Avtar Singh,JJP,808,5,0
Ambala Cantt,8,Dharmesh Sood Rinku,,764,6,0
Ambala Cantt,4,Raj Kaur Gill,,520,7,0
Ambala Cantt,5,Naveen Kumar,,334,8,0
Ambala Cantt,9,Naveen Bidla,,234,9,0
Ambala Cantt,7,Jaswinder Golu,,146,10,0
Ambala Cantt,10,Sunil Verma,,100,11,0
Ambala City,2,Nirmal Singh Mohra,INC,84173,1,1
Ambala City,0,Aseem Goel Naneola,BJP,73204,2,1
Ambala City,4,Parul Nagpal Udaipuria,ASP(KR),2420,3,1
Ambala City,1,Ketan Sharma,,1484,4,1
Ambala City,3,Malkit Singh Bhanokheri,BSP,1302,5,0
Ambala City,9,Satnam Singh,,626,6,0
Ambala City,5,Bhupinde,,161,7,0
Ambala City,10,Sunil Dutt,,137,8,0
Ambala City,6,Rmayur Nanda,,134,9,0
Ambala City,8,Sachin Kumar,,124,10,0
Ambala City,7,Lalit Walia,,97,11,0
Assandh,2,Yoginder Singh Rana,BJP,54547,1,1
Assandh,3,Shamsher Singh Gogi,INC,52180,2,1
Assandh,1,Gopal Singh,BSP,27355,3,1
Assandh,8,Zile Ram Sharma,,16233,4,1
Assandh,0,Amandeep Singh Jundla,,4281,5,0
Assandh,5,Maratha Virender Verma,,4206,6,0
Assandh,12,Rekha,,608,7,0
Assandh,13,Advocate Soniya Bohat,,444,8,0
Assandh,7,Jaipal Punia,,348,9,0
Assandh,4,Prem Chand,,328,10,0
Assandh,6,Harjeet Singh,,306,11,0
Assandh,11,Ramphal,,270,12,0
Assandh,10,Baljit Singh,,128,13,0
Assandh,9,Pardeep,,124,14,0
Ateli,3,Arti Singh Rao,BJP,56774,1,1
Ateli,0,Attar Lal,BSP,54274,2,1
Ateli,1,Anita Yadav,INC,29474,3,1
Ateli,2,Aayushi Abhimanyu Rao,JJP,1728,4,1
Ateli,4,Suneel Rao,,209,5,0
Ateli,5,Comrade Om Parkash,,183,6,0
Ateli,6,Jogender Fouji,,154,7,0
Ateli,7,Sadhna,,71,8,0
Badhra,0,Umed Singh,BJP,58605,1,1
Badhra,4,Somvir Singh,,50809,2,1
Badhra,14,Somveer Ghasola,INC,26570,3,1
Badhra,3,Vijay Kumar,INLD,1948,4,1
Badhra,1,Yashvir,JJP,1304,5,0
Badhra,2,Rakesh Chandwas,,1199,6,0
Badhra,6,Ajit,,512,7,0
Badhra,13,Andeep,,195,8,0
Badhra,5,Mahender Jevali,,145,9,0
Badhra,11,Vikash,,96,10,0
Badhra,9,Jitender Singh Sheorain,,86,11,0
Badhra,10,Dinesh Kumar,,68,12,0
Badhra,12,Nands Vidy,,68,13,0
Badhra,8,Chitar Singh,,38,14,0
Badhra,7,Ashok,,17,15,0
Badkhal,1,Dhanesh Adlakha,BJP,79386,1,1
Badkhal,4,Vijay Pratap Singh,INC,73197,2,1
Badkhal,3,Manoj Choudhary,BSP,2493,3,1
Badkhal,0,Om Prakash Verma,,1679,4,1
Badkhal,2,Parvinder Singh,JJP,657,5,0
Badkhal,5,Kamal Bali,,371,6,0
Badkhal,6,Prem Chand Gaur,,228,7,0
Badkhal,8,Bakil Akhtar,,157,8,0
Badkhal,7,Aabid Khan,,113,9,0
Badli,1,Kuldeep Vats,INC,67555,1,1
Badli,0,Omprakash Dhankar,BJP,51052,2,1
Badli,4,Ajit Gulia Jeete,,10799,3,1
Badli,3,Harpal Singh,,595,4,1
Badli,2,Krishan Kumar,JJP,517,5,0
Badli,8,Sandeep,,200,6,0
Badli,5,Amit Kumar,,123,7,0
Badli,7,Virender Singh Bilu,,79,8,0
Badli,6,Poonam,,40,9,0
Badshahpur,1,Rao Narbir Singh,BJP,145248,1,1
Badshahpur,3,Vardhan Yadav,INC,84636,2,1
Badshahpur,7,Kumudni Rakesh Daultabad,,30833,3,1
Badshahpur,2,Bir Singh Biru Sarpanch,,12934,4,1
Badshahpur,6,Comrade Balwan Singh,,3038,5,0
Badshahpur,0,Joginder Singh,BSP,1561,6,0
Badshahpur,4,Surender Kumar,JJP,441,7,0
Badshahpur,8,Ravinder Yadav,,403,8,0
Badshahpur,12,Satish,,225,9,0
Badshahpur,10,Rambhagat Yadav,,192,10,0
Badshahpur,11,Vinod Kumar,,179,11,0
Badshahpur,9,Rakesh Bhardwaj,,159,12,0
Badshahpur,5,Chanderpal,,155,13,0
Bahadurgarh,11,Rajesh Joon,,73087,1,1
Bahadurgarh,1,Dinesh Kaushik,BJP,31064,2,1
Bahadurgarh,2,Rajinder Singh Joon,INC,28735,3,1
Bahadurgarh,3,Sheela Nafe Singh Rathee,INLD,17475,4,1
Bahadurgarh,8,Ramesh Dalal,,4726,5,0
Bahadurgarh,0,Kuldeep Singh Chhikara,,959,6,0
Bahadurgarh,9,Rajesh Kumar S/O Chattar Singh,,512,7,0
Bahadurgarh,10,Rajesh Kumar S/O Ramdiya,,487,8,0
Bahadurgarh,12,Rohit Kumar,,292,9,0
Bahadurgarh,7,Mahender,,254,10,0
Bahadurgarh,13,Sunita,,187,11,0
Bahadurgarh,6,Parveen Kumar,,93,12,0
Bahadurgarh,4,Goyal Arun,,81,13,0
Bahadurgarh,5,Chesta,,66,14,0
Ballabgarh,1,Mool Chand Sharma,BJP,61706,1,1
Ballabgarh,7,Sharda Rathore,,43992,2,1
Ballabgarh,5,Rao Ram Kumar,,23054,3,1
Ballabgarh,0,Smt. Parag Sharma,INC,8627,4,1
Ballabgarh,2,Ravindra Faujdar,,6625,5,0
Ballabgarh,6,Vandana Singh,,784,6,0
Ballabgarh,4,Advocate Brahma Prakash,,326,7,0
Ballabgarh,3,Atul,,198,8,0
Baroda,0,Induraj Singh Narwal,INC,53787,1,1
Baroda,5,Kapoor Singh Narwal,,48585,2,1
Baroda,3,Pardeep Singh Sangwan,BJP,22359,3,1
Baroda,2,Dharam Vir,BSP,1728,4,1
Baroda,4,Sandeep Malik,,1279,5,0
Baroda,1,Deepak Malik,JJP,597,6,0
Baroda,6,Devender Kumar Alias Nitu Mor,,198,7,0
Barwala,2,Ranbir Gangwa,BJP,66546,1,1
Barwala,3,Ramniwas Ghorela,INC,39376,2,1
Barwala,4,Sanjana Satroad,INLD,28936,3,1
Barwala,1,Prof. Chhattar Pal Singh,,2521,4,1
Barwala,0,Anant Ram,JJP,477,5,0
Barwala,5,Rajiv Khatak,,355,6,0
Barwala,7,Renu Daljeet Singh,,217,7,0
Barwala,6,Baba Darshan Giri,,179,8,0
Barwala,8,Sumit Bloda,,82,9,0
Bawal,0,Dr. Krishan Kumar,BJP,86119,1,1
Bawal,2,Dr. M.L. Ranga,INC,66228,2,1
Bawal,3,Sampat Ram Dahanwal,INLD,1427,3,1
Bawal,1,Jawahar Lal,,563,4,1
Bawal,9,Sunil Kumar,,249,5,0
Bawal,8,Raj Narayan,,167,6,0
Bawal,7,Mangat Ram,,165,7,0
Bawal,6,Baljeet,,162,8,0
Bawal,4,Dr. Lekhram Mehra,,107,9,0
Bawal,5,Singh Inder,,64,10,0
Bawani Khera,0,Kapoor Singh,BJP,79433,1,1
Bawani Khera,3,Pradeep Narwal,INC,57559,2,1
Bawani Khera,9,Master Satbir Ratera,,11221,3,1
Bawani Khera,4,Sandeep Singh Janagal,BSP,1116,4,1
Bawani Khera,1,Langyan Guddi,JJP,986,5,0
Bawani Khera,2,Dharambir,,626,6,0
Bawani Khera,7,Ramesh Kumar,,131,7,0
Bawani Khera,8,Ravita Satbir Ratera,,123,8,0
Bawani Khera,5,Dhanak Manju,,88,9,0
Bawani Khera,6,Vikas,,60,10,0
Beri,1,Raghuvir Singh Kadian,INC,59956,1,1
Beri,2,Sanjay Kumar,BJP,24969,2,1
Beri,5,Amit Kumar,,24546,3,1
Beri,0,Permod,INLD,2157,4,1
Beri,6,Inderjeet Suhag,,2154,5,0
Beri,4,Sonu,,1671,6,0
Beri,7,Gowardhan Singh,,1125,7,0
Beri,3,Sunil,JJP,1108,8,0
Bhiwani,3,Ghanshyam Saraf,BJP,66508,1,1
Bhiwani,1,Om Prakash,CPI(M),33775,2,1
Bhiwani,0,Indu,,17435,3,1
Bhiwani,6,Abhijeet Lal Singh,,15737,4,1
Bhiwani,12,Priya Asija,,3638,5,0
Bhiwani,14,Rajeev,,1812,6,0
Bhiwani,4,Pawan Fouji,,1318,7,0
Bhiwani,2,Karambir Yadav,INLD,1017,8,0
Bhiwani,5,Comrade Raj Kumar,,611,9,0
Bhiwani,17,Satish Kumar,,312,10,0
Bhiwani,16,Ram Kumar,,281,11,0
Bhiwani,15,Ram Avtar Sharma,,252,12,0
Bhiwani,11,Dr. Pawan Kumar Sharma,,217,13,0
Bhiwani,13,Mahabir Bohra,,94,14,0
Bhiwani,7,Anand Kumar,,88,15,0
Bhiwani,9,Ogender,,83,16,0
Bhiwani,8,Singhj Jagat,,62,17,0
Bhiwani,10,Pankaj Tayal,,56,18,0
Dabwali,0,Aditya Devilal,INLD,55716,1,1
Dabwali,1,Amit Sihag,INC,54955,2,1
Dabwali,3,Digvijay Singh Chautala,JJP,35180,3,1
Dabwali,4,Baldev Singh Mangiana,BJP,7051,4,1
Dabwali,2,Kuldeep Singh Gadrana,,6567,5,0
Dabwali,11,Rajesh Kumar,,478,6,0
Dabwali,8,Khem Chand,,281,7,0
Dabwali,9,Gurvinder Singh,,270,8,0
Dabwali,10,Guljari Lal,,197,9,0
Dabwali,5,Kulveer Shaant Insan,,107,10,0
Dabwali,6,Dana Ram,,101,11,0
Dabwali,7,Ankit Kumar,,93,12,0
Dadri,4,Sunil Satpal Sangwan,BJP,64935,1,1
Dadri,2,Manisha Sangwan,INC,62625,2,1
Dadri,14,Sanjay Chhaparia,,3685,3,1
Dadri,7,Ajit Singh,,3328,4,1
Dadri,3,Rajdeep Singh,JJP,1884,5,0
Dadri,1,Dhan Raj Singh,,1305,6,0
Dadri,0,Anand Sheoran,BSP,1024,7,0
Dadri,10,Naveen Yogi,,316,8,0
Dadri,13,Lalit Kumar,,241,9,0
Dadri,5,Rajpal,,197,10,0
Dadri,15,Satender Singh,,123,11,0
Dadri,11,Manjeetr,,109,12,0
Dadri,6,Vikram Sharma,,96,13,0
Dadri,16,Sunil Kumar,,69,14,0
Dadri,8,Kumar Anil,,47,15,0
Dadri,9,Archana,,43,16,0
Dadri,17,Hemant,,33,17,0
Dadri,12,Amsharan Phogat,,28,18,0
Ellenabad,3,Bharat Singh Beniwal,INC,77455,1,1
Ellenabad,1,Abhay Singh Chautala,INLD,62594,2,1
Ellenabad,2,Amir Chand Talwara,BJP,13192,3,1
Ellenabad,0,Anjani Ladha,JJP,1588,4,1
Ellenabad,4,Manish Arora,,879,5,0
Ellenabad,8,Vikram Indora,,442,6,0
Ellenabad,5,Nanak Singh,,306,7,0
Ellenabad,9,Surjeet Singh,,257,8,0
Ellenabad,7,Baldev Kumar,,192,9,0
Ellenabad,6,Mayank Gidra,,182,10,0
Faridabad,3,Vipul Goel,BJP,93521,1,1
Faridabad,2,Lakhan Kumar Singla,INC,45195,2,1
Faridabad,1,Pravesh Mehta,,924,3,1
Faridabad,0,Narender Pal Singh Baghel,INLD,858,4,1
Faridabad,7,Vijay Krishan,,478,5,0
Faridabad,4,Adarsh Balyan,,394,6,0
Faridabad,6,Rakesh Kapil Dagar,,330,7,0
Faridabad,5,Manoj Dureja,,158,8,0
Faridabad NIT,4,Satish Kumar Phagna,BJP,91918,1,1
Faridabad NIT,2,Neeraj Sharma,INC,58686,2,1
Faridabad NIT,1,Nagender Bhadana,INLD,29519,3,1
Faridabad NIT,0,Haji Karamat Ali,JJP,8768,4,1
Faridabad NIT,3,Ravi Dagar,,1412,5,0
Faridabad NIT,5,Dheeraj Kumar,,328,6,0
Faridabad NIT,12,Rajkumar,,288,7,0
Faridabad NIT,9,Jitender Kumar,,280,8,0
Faridabad NIT,8,Vinod Singh,,227,9,0
Faridabad NIT,11,Ravinder Gupta,,217,10,0
Faridabad NIT,6,Manish,,193,11,0
Faridabad NIT,10,Ranjot,,129,12,0
Faridabad NIT,7,Ram Partap Gaur,,112,13,0
Fatehabad,2,Balwan Singh Doulatpuria,INC,85442,1,1
Fatehabad,1,Dura Ram,BJP,83517,2,1
Fatehabad,3,Sunaina Chautala,INLD,9626,3,1
Fatehabad,12,Rajender Choudhary Urf Kaka,,5801,4,1
Fatehabad,4,Subhash Chander Gorchhia,JJP,3235,5,0
Fatehabad,0,Kamal Bisla,,2778,6,0
Fatehabad,13,Kumarv Vinod,,584,7,0
Fatehabad,15,Rsanjay Kumar,,381,8,0
Fatehabad,17,Sudhir,,375,9,0
Fatehabad,6,Vikram Jeet Karwasra,,322,10,0
Fatehabad,14,Ishvamitt,,301,11,0
Fatehabad,9,Darbara Singh,,215,12,0
Fatehabad,5,Banti Bareth,,193,13,0
Fatehabad,7,Jaibir,,143,14,0
Fatehabad,16,Simarjeet Singh,,130,15,0
Fatehabad,11,Raman,,129,16,0
Fatehabad,10,Mandeep Kumar,,75,17,0
Fatehabad,8,Tahir Husain,,67,18,0
Ferozepur Jhirka,2,Mamman Khan,INC,130286,1,1
Ferozepur Jhirka,1,Naseem Ahmed,BJP,31958,2,1
Ferozepur Jhirka,3,Mohammad Habib,,15625,3,1
Ferozepur Jhirka,6,Mumtaj Ahmed,,1139,4,1
Ferozepur Jhirka,0,Jaan Mohammad,JJP,719,5,0
Ferozepur Jhirka,5,Narender Kumar,,256,6,0
Ferozepur Jhirka,4,Waseem Zaffer,,233,7,0
Ferozepur Jhirka,7,Mohd. Hashim,INLD,183,8,0
Ganaur,8,Devender Kadyan,,76949,1,1
Ganaur,1,Kuldip Sharma,INC,41686,2,1
Ganaur,2,Devender Kaushik,BJP,17523,3,1
Ganaur,6,Sharma Kavita,,1929,4,1
Ganaur,3,Nar Singh,BSP,681,5,0
Ganaur,0,Anil Kumar Tyagi,JJP,340,6,0
Ganaur,7,Takdeer,,305,7,0
Ganaur,9,Ram Kumar,,246,8,0
Ganaur,4,Saroj Bala,,168,9,0
Ganaur,10,Ram Mehar Singh,,147,10,0
Ganaur,5,Ankur Kaushik,,84,11,0
Garhi Sampla-Kiloi,2,Bhupinder Singh Hooda,INC,107520,1,1
Garhi Sampla-Kiloi,3,Manju,BJP,36894,2,1
Garhi Sampla-Kiloi,0,Krishan,INLD,1483,3,1
Garhi Sampla-Kiloi,1,Parveen,,883,4,1
Garhi Sampla-Kiloi,4,Sushila Devi,JJP,477,5,0
Garhi Sampla-Kiloi,6,Bijender Singh,,155,6,0
Garhi Sampla-Kiloi,7,Mukesh,,148,7,0
Garhi Sampla-Kiloi,8,Sanjay,,75,8,0
Garhi Sampla-Kiloi,5,Amit Hooda,,72,9,0
Gharaunda,4,Harvinder Kalyan,BJP,87016,1,1
Gharaunda,3,Varinder Singh Rathore,INC,82423,2,1
Gharaunda,0,Krishan Singh Alias Mannu Kashyap,INLD,1607,3,1
Gharaunda,1,Jaipal Sharma,,943,4,1
Gharaunda,5,Vicky,,671,5,0
Gharaunda,2,Rajpal,JJP,568,6,0
Gharaunda,6,Pardeep Kashyap Upli,,396,7,0
Gharaunda,7,Bhupinder Singh,,143,8,0
Gohana,0,Arvind Kumar Sharma,BJP,56754,1,1
Gohana,2,Jagbir Singh Malik,INC,46048,2,1
Gohana,10,Harsh Chhikara,,14687,3,1
Gohana,8,Rajvir Singh Dahiya,,8804,4,1
Gohana,4,Shiv Kumar Rangeela,,946,5,0
Gohana,3,Dinesh Kumar,BSP,920,6,0
Gohana,1,Kuldeep Malik,JJP,607,7,0
Gohana,5,Arvind,,184,8,0
Gohana,6,Arun Ninaniya,,175,9,0
Gohana,9,Sunny,,140,10,0
Gohana,7,Rajbir,,93,11,0
Guhla,2,Devender Hans,INC,64270,1,1
Guhla,0,Kulwant Ram Bazigar,BJP,41572,2,1
Guhla,8,Naresh Kumar,,12402,3,1
Guhla,1,Krishan Kumar,JJP,5753,4,1
Guhla,4,Rakesh Kumar,,4527,5,0
Guhla,3,Poonam Rani,INLD,2393,6,0
Guhla,7,Amarjeet Singh,,1047,7,0
Guhla,5,Bhupinder Singh,,394,8,0
Guhla,6,Manoj Kumar,,227,9,0
Gurugram,3,Mukesh Sharma,BJP,122301,1,1
Gurugram,11,Naveen Goyal,,54512,2,1
Gurugram,4,Mohit Grover,INC,46784,3,1
Gurugram,2,Dr. Nishant Anand,,2169,4,1
Gurugram,5,Ankit Alagh Jan Sewak,,516,5,0
Gurugram,1,Gaurav Bhati,INLD,395,6,0
Gurugram,10,Naresh Kumar Batra,,261,7,0
Gurugram,15,Sunil,,260,8,0
Gurugram,13,Mukesh Sharma,,246,9,0
Gurugram,14,Sanjay Lal,,221,10,0
Gurugram,0,Ashok Jangra,JJP,219,11,0
Gurugram,12,Mahabir Singh,,213,12,0
Gurugram,9,Narender Kumar,,154,13,0
Gurugram,16,Sohan Lal Sharma,,71,14,0
Gurugram,6,Jawahar Lal,,67,15,0
Gurugram,7,Rajesh Sheoran,,51,16,0
Gurugram,8,Akshat Gait,,41,17,0
Hansi,3,Vinod Bhayana,BJP,78274,1,1
Hansi,2,Rahul Makkar,INC,56626,2,1
Hansi,1,Rajender Singh,,2325,3,1
Hansi,0,Ravinder Kumar,BSP,2158,4,1
Hansi,4,Shamsher Singh,JJP,512,5,0
Hansi,11,Suman Kumar,,181,6,0
Hansi,12,Harish Verma,,180,7,0
Hansi,10,Rohit,,176,8,0
Hansi,6,Amarjeet,,162,9,0
Hansi,7,Kashmiri Lal Grover,,103,10,0
Hansi,5,Veerbhan,,70,11,0
Hansi,9,Navin,,69,12,0
Hansi,8,Parkash Jai,,21,13,0
Hathin,2,Mohd Israil,INC,79638,1,1
Hathin,1,Manoj Kumar,BJP,47106,2,1
Hathin,0,Tayub Husain Urf Nazir Ahmed,INLD,37772,3,1
Hathin,6,Dharmendra Tewatia,,10460,4,1
Hathin,3,Ravinder Kumar,JJP,5673,5,0
Hathin,5,Kehar Singh,,4915,6,0
Hathin,4,Rajendra Singh Rawat,,1031,7,0
Hathin,7,Pradeep Kumar,,352,8,0
Hisar,19,Savitri Jindal,,49036,1,1
Hisar,2,Ram Niwas Rara,INC,30002,2,1
Hisar,0,Dr. Kamal Gupta,BJP,17297,3,1
Hisar,12,Gautam Sardana,,6804,4,1
Hisar,11,Amit Grover,,2008,5,0
Hisar,4,Sanjay Satrodia,,1997,6,0
Hisar,13,Tarun Jain,,1130,7,0
Hisar,20,Sunil Bansal,,558,8,0
Hisar,3,Shyam Lal,INLD,533,9,0
Hisar,1,Ravinder Ravi Ahuja,JJP,439,10,0
Hisar,18,Rajender,,343,11,0
Hisar,9,Anil Kumar S/O Jagdish Chander Sharma,,317,12,0
Hisar,16,Prashant Yadav,,218,13,0
Hisar,5,Nand Kishor Chawla,,168,14,0
Hisar,15,Parveen Kumar,,138,15,0
Hisar,10,Anil Mahla,,132,16,0
Hisar,8,Anil Kumar S/O Charanjit Lal,,124,17,0
Hisar,17,Mahender,,64,18,0
Hisar,14,Dinesh Kumar Saini,,62,19,0
Hisar,6,Sunil,,47,20,0
Hisar,7,Ajay Saini,,40,21,0
Hodal,4,Harinder Singh,BJP,68697,1,1
Hodal,0,Udai Bhan,INC,66065,2,1
Hodal,7,Naveen Rohila,,2076,3,1
Hodal,3,Sunil Kumar,INLD,1836,4,1
Hodal,11,Sunita Sorout,,545,5,0
Hodal,1,Anohar,,284,6,0
Hodal,2,Satveer,JJP,273,7,0
Hodal,5,Ushma Devi,,193,8,0
Hodal,8,Sourot Neeraj,,171,9,0
Hodal,9,Yashvee,,100,10,0
Hodal,10,Rrajni,,63,11,0
Hodal,6,Kuldeep Kumar,,55,12,0
Indri,2,Ram Kumar Kashyap,BJP,80198,1,1
Indri,1,Rakesh Kamboj,INC,64875,2,1
Indri,3,Surender Udana,BSP,7481,3,1
Indri,4,Hawa Singh,,1476,4,1
Indri,0,Kuldeep Singh Mandhan,JJP,1180,5,0
Indri,5,Sanjay Kumar,,200,6,0
Israna,1,Krishan Lal Panwar,BJP,67177,1,1
Israna,2,Balbir Singh Balmiki,INC,53277,2,1
Israna,5,Rakesh Saroha,,4268,3,1
Israna,6,Satyawan Shera,,1642,4,1
Israna,4,Surajbhan,INLD,999,5,0
Israna,0,Amit Kumar,,818,6,0
Israna,3,Kumar Sunil,JJP,418,7,0
Jagadhri,0,Akram Khan,INC,67094,1,1
Jagadhri,2,Kanwar Pal,BJP,60313,2,1
Jagadhri,1,Adarsh Pal Singh,,43702,3,1
Jagadhri,3,Darshan Lal,BSP,6423,4,1
Jagadhri,4,Ashok Kumar,ASP(KR),2683,5,0
Jagadhri,10,Yogesh Sethi (Yogi),,398,6,0
Jagadhri,5,Dr. Nitesh Chopra (Honey),,309,7,0
Jagadhri,9,Yajuvinder Singh,,275,8,0
Jagadhri,7,Aditya Kumar Shastri,,166,9,0
Jagadhri,6,Soni,,147,10,0
Jagadhri,8,Gurdev Singh,,113,11,0
Jhajjar,1,Geeta Bhukkal,INC,65325,1,1
Jhajjar,0,Kaptan Birdhana,BJP,52346,2,1
Jhajjar,3,Naseeb Sonu,JJP,1826,3,1
Jhajjar,2,Dharambir Singh,BSP,808,4,1
Jhajjar,4,Mahinder Dahiya,,730,5,0
Jhajjar,5,Jaideep,,193,6,0
Jhajjar,10,Sunil Kumar,,153,7,0
Jhajjar,6,Narender Singh Fauji,,135,8,0
Jhajjar,7,Rajal,,80,9,0
Jhajjar,9,Satbir Chumbak Advocate,,67,10,0
Jhajjar,8,Sanjay,,28,11,0
Jind,0,Dr Krishan Lal Middha,BJP,68570,1,1
Jind,3,Mahavir Gupta,INC,52365,2,1
Jind,6,Pradeep Singh,,7601,3,1
Jind,4,Wazir Dhanda,,2068,4,1
Jind,2,Narender Nath Sharma,INLD,1115,5,0
Jind,1,Dharam Pal Tanwar,JJP,1003,6,0
Jind,8,Ritu Raj Bamniya,,370,7,0
Jind,9,Ritesh Sangwan Sangu,,99,8,0
Jind,11,Ved Parkash,,95,9,0
Jind,5,Ankit Kumar,,83,10,0
Jind,7,Ram Parkash Tayal,,80,11,0
Jind,10,Vikas,,61,12,0
Jind,12,Suresh Chand,,55,13,0
Julana,3,Vinesh Phogat,INC,64491,1,1
Julana,2,Yogesh Kumar,BJP,58728,2,1
Julana,4,Urender Lather,INLD,10123,3,1
Julana,0,Amarjeet Dhanda,JJP,2466,4,1
Julana,1,Kavita Rani,,1266,5,0
Julana,10,Ijender Kumar,,163,6,0
Julana,9,Premb,,117,7,0
Julana,8,Coach Jasvir Singh Ahlawat,,89,8,0
Julana,6,Amit Sharmai,,74,9,0
Julana,11,Ramrattan,,68,10,0
Julana,5,Jogi Sunil,,46,11,0
Julana,7,Nderjeet,,45,12,0
Kaithal,1,Aditya Surjewala,INC,82844,1,1
Kaithal,2,Leela Ram,BJP,75140,2,1
Kaithal,0,Anil Tanwer,BSP,3402,3,1
Kaithal,4,Sandeep Garhi,JJP,1902,4,1
Kaithal,3,Satbir Singh Goyat,,1743,5,0
Kaithal,11,Fouji Suresh Kumar,,466,6,0
Kaithal,7,Patasho Devi,,299,7,0
Kaithal,10,Satish Kumar,,268,8,0
Kaithal,5,Ashwini Sharma Hrittwal,,212,9,0
Kaithal,8,Balraj Singh,,198,10,0
Kaithal,9,Dr. Mahesh Chand Gaur,,164,11,0
Kaithal,6,Chand Kalyan,,135,12,0
Kalanaur,4,Shakuntla Khatak,INC,68817,1,1
Kalanaur,3,Renu Dabla,BJP,56861,2,1
Kalanaur,10,Pradhan Prem,,11342,3,1
Kalanaur,1,Poonam Nigana,BSP,1382,4,1
Kalanaur,2,Mahender Sundana,JJP,1181,5,0
Kalanaur,0,Naresh Bagri,,1053,6,0
Kalanaur,9,Deepak Singh,,331,7,0
Kalanaur,7,Manjeet,,236,8,0
Kalanaur,12,Sneh Arya,,225,9,0
Kalanaur,5,Baba Ishwar Nath,,219,10,0
Kalanaur,6,Parkash Om,,119,11,0
Kalanaur,11,Vinod,,115,12,0
Kalanaur,8,Ranbir,,51,13,0
Kalanwali,4,Shishpal Keharwala,INC,66335,1,1
Kalanwali,3,Rajinder Singh Desujodha,BJP,43623,2,1
Kalanwali,1,Gurtej Singh,INLD,24033,3,1
Kalanwali,2,Jasdev Singh,,3612,4,1
Kalanwali,0,Gurjant Singh,JJP,1399,5,0
Kalayat,4,Vikas Saharan,INC,47589,1,1
Kalayat,1,Kamlesh Dhanda,BJP,34484,2,1
Kalayat,5,Anita Dhull Badsikri,,25184,3,1
Kalayat,3,Rampal Majra,INLD,18706,4,1
Kalayat,10,Vinod Nirmal,,14426,5,0
Kalayat,11,Satvinder Singh Rana,,5812,6,0
Kalayat,0,Anurag Dhanda,,5452,7,0
Kalayat,6,Ashish Rasila,,3687,8,0
Kalayat,2,Pritam Kolekhan,JJP,2135,9,0
Kalayat,12,Sandeep Kotra Advocate,,311,10,0
Kalayat,9,Rajesh Kumar,,308,11,0
Kalayat,13,Salinder Kumar,,270,12,0
Kalayat,7,Jitender Singh Urf Dhola,,217,13,0
Kalayat,8,Rajender Kumar,,199,14,0
Kalka,3,Shakti Rani Sharma,BJP,60497,1,1
Kalka,2,Pardeep Chaudhary,INC,49544,2,1
Kalka,5,Gopal Sukhomajri,,31665,3,1
Kalka,1,Charan Singh,BSP,1368,4,1
Kalka,0,Om Parkash Gujjar,,854,5,0
Kalka,4,Amit Sharma,,582,6,0
Kalka,6,Vishal,,377,7,0
Karnal,0,Jagmohan Anand,BJP,89737,1,1
Karnal,3,Sumita Virk,INC,56073,2,1
Karnal,2,Sunil Bindal,,1714,3,1
Karnal,4,Surjeet Singh,INLD,944,4,1
Karnal,1,Jetender Royal,JJP,269,5,0
Karnal,7,Kamald,,242,6,0
Karnal,11,Varinder Kumar Chawla,,149,7,0
Karnal,9,Neeru Bala Saini,,98,8,0
Karnal,5,Advocate Pardeep Saini,,63,9,0
Karnal,6,Hardeep Singh,,55,10,0
Karnal,8,Harmender,,55,11,0
Karnal,10,Yash Dev Goyal,,53,12,0
Kharkhauda,1,Pawan Kharkhoda,BJP,57891,1,1
Kharkhauda,0,Jaiveer Singh,INC,52056,2,1
Kharkhauda,2,Pritam Khokar,INLD,1579,3,1
Kharkhauda,3,Manjeet Farmana,,391,4,1
Kharkhauda,4,Ramesh Khatak,JJP,204,5,0
Kharkhauda,6,Dr. Parveen Kharkhoda,,186,6,0
Kharkhauda,8,M. Gaje Singh Advocate,,153,7,0
Kharkhauda,9,Satnarayan,,148,8,0
Kharkhauda,5,Amar Singh Balmiki,,81,9,0
Kharkhauda,7,Radhey Shyam,,78,10,0
Kosli,0,Anil Yadav,BJP,90888,1,1
Kosli,1,Jagdish Yadav,INC,73744,2,1
Kosli,13,Manoj Koslia,,7196,3,1
Kosli,16,Hariom Yadav Koslia,,650,4,1
Kosli,2,Raj Kumar,BSP,551,5,0
Kosli,3,Lavinder Singh,JJP,306,6,0
Kosli,15,Santosh,,292,7,0
Kosli,7,Comrade Ramkumar Nimoth,,265,8,0
Kosli,8,Satyavir Singh Ambedkar,,223,9,0
Kosli,14,Mukesh Kumar,,190,10,0
Kosli,4,Tejpal Yadav Kosli,,76,11,0
Kosli,10,Arti Rao,,68,12,0
Kosli,12,Karamjeet,,60,13,0
Kosli,5,Naval Singh,,54,14,0
Kosli,9,Anil Kumar,,50,15,0
Kosli,6,Bhagirath Dabla Bohtwas,,35,16,0
Kosli,11,Inderjeet,,29,17,0
Ladwa,1,Nayab Singh,BJP,69865,1,1
Ladwa,2,Mewa Singh,INC,53745,2,1
Ladwa,14,Vikramjeet Singh Cheema,,11175,3,1
Ladwa,4,Sapna Barshami,INLD,7418,4,1
Ladwa,15,Sandeep Garg Ladwa,,2258,5,0
Ladwa,0,Joga Singh Umri,,627,6,0
Ladwa,13,Kashyap Ram Chander,,611,7,0
Ladwa,9,Ashok Saini Hamid Pur,,413,8,0
Ladwa,11,Bhajan Singh,,262,9,0
Ladwa,3,Vinod Kumar Sharma,JJP,204,10,0
Ladwa,6,Vikram Singh Saini,,143,11,0
Ladwa,5,Man Singh Bapda,,133,12,0
Ladwa,12,Rajkumar,,100,13,0
Ladwa,7,Satish Kumar,,69,14,0
Ladwa,8,Subhash Saini,,48,15,0
Ladwa,10,Parveen Kumar,,43,16,0
Loharu,4,Rajbir Fartia,INC,80530,1,1
Loharu,2,Jai Parkash Dalal,BJP,79903,2,1
Loharu,3,Bhoop Singh Sheoran,INLD,1183,3,1
Loharu,0,Alka Arya,JJP,819,4,1
Loharu,1,Geeta Bala,,792,5,0
Loharu,11,Sandeep Sanjay Balhara,,319,6,0
Loharu,5,Amar Singh,,299,7,0
Loharu,10,Sanjay,,188,8,0
Loharu,9,Rajbir S/O Moola Ram,,115,9,0
Loharu,12,Sajjan Bhardwaj,,80,10,0
Loharu,7,Rajbir S/O Begraj,,68,11,0
Loharu,6,Krishan Kumar,,39,12,0
Loharu,8,Rajbir S/O Bharat Singh,,35,13,0
Mahendragarh,0,Kanwar Singh,BJP,62000,1,1
Mahendragarh,1,Rao Dan Singh,INC,59257,2,1
Mahendragarh,12,Sandeep Singh,,20651,3,1
Mahendragarh,3,Surender Kaushik,INLD,3900,4,1
Mahendragarh,2,Dr. Manish Yadav,,1702,5,0
Mahendragarh,9,Balwan Fauji,,1652,6,0
Mahendragarh,10,Dr. Bhup Singh Yadav,,1471,7,0
Mahendragarh,4,Rakesh Singh,,845,8,0
Mahendragarh,6,Shashi Kumar,ASP(KR),455,9,0
Mahendragarh,11,Ved Prakash,,294,10,0
Mahendragarh,5,Vishnu Yadav,,137,11,0
Mahendragarh,8,Pushkar Raj Gupta,,70,12,0
Mahendragarh,7,Narender Kumar,,45,13,0
Meham,1,Balram Dangi,INC,56079,1,1
Meham,6,Balraj Kundu,,38605,2,1
Meham,17,Radha Ahlawat,,29112,3,1
Meham,0,Deepak Hooda,BJP,8767,4,1
Meham,2,Vikash Nehra,,8564,5,0
Meham,13,Balbir Singh,,3382,6,0
Meham,3,Singh Hawa,BSP,1423,7,0
Meham,7,Vishesh Bamel,,318,8,0
Meham,15,Mukesh Kumar,,267,9,0
Meham,11,Naresh,,236,10,0
Meham,5,Krishan Kumar,,223,11,0
Meham,14,Mahender Singh,,156,12,0
Meham,18,Vikash,,141,13,0
Meham,9,Jalkaran Balhara,,132,14,0
Meham,16,Ranbir Singh,,132,15,0
Meham,4,Krishan,,94,16,0
Meham,12,Neeraj,,67,17,0
Meham,8,Krishan,,63,18,0
Meham,10,Krishan Daya,,52,19,0
Mulana,1,Pooja,INC,78705,1,1
Mulana,4,Santosh Chauhan Sarwan,BJP,66031,2,1
Mulana,2,Prakash Bharti,INLD,8075,3,1
Mulana,3,Dr Ravinder Dheen,JJP,1556,4,1
Mulana,7,Dalip Singh,,1191,5,0
Mulana,0,Gurtej Singh,,1063,6,0
Mulana,6,Ajaib Singh Sodhi,,695,7,0
Mulana,5,Pritam Singh,,656,8,0
Mulana,9,Haveli Ram,,465,9,0
Mulana,8,Harkesh Kumar,,294,10,0
Nalwa,2,Randhir Panihar,BJP,65890,1,1
Nalwa,0,Anil Maan,INC,53547,2,1
Nalwa,3,Virender Chaudhary,JJP,3878,3,1
Nalwa,4,Sarwan Kumar Verma,BSP,2593,4,1
Nalwa,1,Umesh Sharma,,1186,5,0
Nalwa,10,Mahabir Prasad,,201,6,0
Nalwa,11,Ravinder Mangali,,171,7,0
Nalwa,9,Parduman Joshila,,141,8,0
Nalwa,8,Jai Prakash,,105,9,0
Nalwa,12,Rajender Singh,,94,10,0
Nalwa,6,Anil Kumar,,53,11,0
Nalwa,5,Raj Kumar,,33,12,0
Nalwa,7,Atam Parkash,,23,13,0
Nangal Chaudhary,2,Manju Choudhary,INC,61237,1,1
Nangal Chaudhary,0,Dr. Abhe Singh Yadav,BJP,54209,2,1
Nangal Chaudhary,1,Rao Om Prakash Engineer,JJP,568,3,1
Nangal Chaudhary,3,Sagar Chauhan,,353,4,1
Nangal Chaudhary,4,Kartar Singh,,101,5,0
Naraingarh,2,Shalley Chaudhary,INC,61865,1,1
Naraingarh,1,Dr. Pawan Saini,BJP,46932,2,1
Naraingarh,3,Harbilas Singh,BSP,27403,3,1
Naraingarh,0,Gurpal Singh,,3244,4,1
Naraingarh,6,Lneetu,,310,5,0
Naraingarh,4,Seema Devi,,299,6,0
Naraingarh,5,Dharampa,,297,7,0
Narnaul,0,Om Prakash Yadav,BJP,56847,1,1
Narnaul,2,Rao Narender Singh,INC,39746,2,1
Narnaul,3,Ravinder Singh Matru,,6148,3,1
Narnaul,1,Nar Singh,INLD,437,4,1
Narnaul,4,Suresh Kumar Saini,JJP,436,5,0
Narnaul,7,Makant,,280,6,0
Narnaul,8,Krishan Kumar,,205,7,0
Narnaul,9,Krishan Kumar,,144,8,0
Narnaul,5,Prakash Tej,,113,9,0
Narnaul,6,Vikasu,,56,10,0
Narnaul,10,Sabharam,,51,11,0
Narnaund,2,Jassi Petwar,INC,84086,1,1
Narnaund,0,Capt. Abhimanyu,BJP,71836,2,1
Narnaund,1,Umed Singh Lohan,INLD,4585,3,1
Narnaund,4,Ranbir Singh Lohan,,1050,4,1
Narnaund,3,Yogesh Gautam,JJP,730,5,0
Narnaund,11,Dharamvir Sarowa,,278,6,0
Narnaund,12,Ravi Kumar,,240,7,0
Narnaund,10,Jassi Jasbir S/O Bani Singh,,177,8,0
Narnaund,5,Krishan Majra,,176,9,0
Narnaund,13,Sandeep Kumar,,113,10,0
Narnaund,7,Ajay Chaudhary,,31,11,0
Narnaund,9,Jaibir Alias Jai Vir,,26,12,0
Narnaund,6,Bhai Satish Masudpur,,21,13,0
Narnaund,8,Jaibir S/O Chander Bhan,,18,14,0
Narwana,1,Krishan Kumar,BJP,59187,1,1
Narwana,4,Satbir Dablain,INC,47445,2,1
Narwana,2,Vidya Rani Danoda,INLD,46021,3,1
Narwana,0,Anil Ranga,,2369,4,1
Narwana,3,Santosh Danoda,JJP,1534,5,0
Narwana,5,Maniram,,578,6,0
Narwana,8,Gurmail,,464,7,0
Narwana,9,Comrade Satyavir Singh,,352,8,0
Narwana,6,Ram Lal Kalyan,,166,9,0
Narwana,7,Kitaba,,114,10,0
Nilokheri,3,Bhagwan Dass,BJP,77657,1,1
Nilokheri,1,Dharam Pal,INC,58776,2,1
Nilokheri,9,Raj Kumar,,5461,3,1
Nilokheri,2,Balwan Singh,INLD,2140,4,1
Nilokheri,5,Gaurav Bakhshi,,1375,5,0
Nilokheri,0,Amar Singh,,552,6,0
Nilokheri,11,Parkash Ved,,415,7,0
Nilokheri,4,Karam Singh,ASP(KR),387,8,0
Nilokheri,7,Dyal Singh,,247,9,0
Nilokheri,14,Subhash Chand,,238,10,0
Nilokheri,12,Sarita,,228,11,0
Nilokheri,13,Sundari,,166,12,0
Nilokheri,8,Naveen Kumar,,142,13,0
Nilokheri,10,Rajiv Kumar,,84,14,0
Nilokheri,6,Deepak Kumar,,64,15,0
Nuh,0,Aftab Ahmed,INC,91697,1,1
Nuh,1,Tahir Hussain,INLD,44826,2,1
Nuh,4,Sanjay Singh,BJP,15810,3,1
Nuh,2,Birender,JJP,1565,4,1
Nuh,3,Rabia Kidwai,,212,5,0
Nuh,5,Anwar,,190,6,0
Palwal,2,Gaurav Gautam,BJP,108795,1,1
Palwal,1,Karan Singh Dalal,INC,75126,2,1
Palwal,8,Kumar Harit,ASP(KR),2568,3,1
Palwal,0,Abhishek Deshwal,BSP,2536,4,1
Palwal,11,Shiv Dutt,,1116,5,0
Palwal,3,Dharmender Singh,,629,6,0
Palwal,12,Sunil Kumar,,325,7,0
Palwal,10,Mamta Solanki,,141,8,0
Palwal,9,Girraj,,124,9,0
Palwal,7,Satbir Singh,,95,10,0
Palwal,6,Rampal,,75,11,0
Palwal,4,Gopal Dutt,,68,12,0
Palwal,5,Panch Lal Prasad,,36,13,0
Panchkula,1,Chander Mohan,INC,67253,1,1
Panchkula,2,Gian Chand Gupta,BJP,65277,2,1
Panchkula,3,Prem Garg,,3329,3,1
Panchkula,0,Dr Kshitij Choudhary,INLD,1374,4,1
Panchkula,4,Sushil Garg,JJP,1153,5,0
Panchkula,8,M P Sharma,,305,6,0
Panchkula,7,Natasha Sood,,233,7,0
Panchkula,9,Saroj Bala,,150,8,0
Panchkula,5,Kishan Singh Negi,,110,9,0
Panchkula,6,Bharat Bhushan Gurjar,,58,10,0
Panipat City,0,Parmod Kumar Vij,BJP,81606,1,1
Panipat City,2,Varinder Kumar Shah,INC,45929,2,1
Panipat City,8,Rohita Rewri,,15528,3,1
Panipat City,1,Ritu Arora,,702,4,1
Panipat City,3,Saroj Bala Gur,BSP,693,5,0
Panipat City,6,Dilbag Singh Krantikari,,438,6,0
Panipat City,5,Ca Jagdish Dhamija,,397,7,0
Panipat City,9,Sawami Agnivesh,,169,8,0
Panipat City,10,Himanshu Sharma,,164,9,0
Panipat City,7,Ramesh Kumar Chaudhary,,133,10,0
Panipat City,4,Bhateri Devi,,84,11,0
Panipat Rural,0,Mahipal Dhanda,BJP,100881,1,1
Panipat Rural,3,Sachin Kundu,INC,50673,2,1
Panipat Rural,10,Vijay Jain,,43244,3,1
Panipat Rural,4,Sukhvir Malik,,1676,4,1
Panipat Rural,2,Ranbir Singh,BSP,1607,5,0
Panipat Rural,5,Amit Maurya,,386,6,0
Panipat Rural,1,Raghunath Tanwar Kashyap,JJP,378,7,0
Panipat Rural,9,Ramesh Singla,,240,8,0
Panipat Rural,8,Evender,,198,9,0
Panipat Rural,6,Master Kuldeep Redhu,,128,10,0
Panipat Rural,7,Diptid,,87,11,0
Pataudi,4,Chaudhary Bimla,BJP,98045,1,1
Pataudi,1,Pearl Choudhary,INC,51748,2,1
Pataudi,2,Pawan Kumar Bhora,INLD,3194,3,1
Pataudi,3,Pardeep Jatauli,,1855,4,1
Pataudi,0,Amarnath J. E.,JJP,952,5,0
Pataudi,5,Gurdass,,378,6,0
Pataudi,6,Satyavir Janaula,,280,7,0
Pehowa,3,Mandeep Chatha,INC,64240,1,1
Pehowa,1,Jai Bhagwan Sharma (Dd),BJP,57832,2,1
Pehowa,2,Baldev Singh Waraich,INLD,1763,3,1
Pehowa,4,Dr. Sukhwinder Kaur,JJP,1246,4,1
Pehowa,6,Gurnam Singh,,1169,5,0
Pehowa,0,Gehal Singh Sandhu,,884,6,0
Pehowa,7,Rajat Sharma Ismailabad,,394,7,0
Pehowa,8,Shyam Lal Gumthala Garhu,,166,8,0
Pehowa,5,Kuldeep Singh,,106,9,0
Prithla,2,Raghubir Tewatia,INC,69958,1,1
Prithla,1,Tek Chand Sharma,BJP,49579,2,1
Prithla,9,Nayanpal Rawat,,21987,3,1
Prithla,8,Deepak Dagar,,16028,4,1
Prithla,3,Surender Vashisht,BSP,4402,5,0
Prithla,6,Abdut Nath,,959,6,0
Prithla,10,Bijender Singh Advocate,,709,7,0
Prithla,0,Kaushal Tatarpur,,703,8,0
Prithla,11,Rahul,,596,9,0
Prithla,5,Mukesh,,304,10,0
Prithla,12,Samey Singh,,284,11,0
Prithla,4,Giriraj Jatola,ASP(KR),267,12,0
Prithla,7,Jitender Kumar,,219,13,0
Punahana,2,Mohammad Ilyas,INC,85173,1,1
Punahana,5,Rahish Khan,,53327,2,1
Punahana,3,Mohd Aizaz Khan,BJP,5055,3,1
Punahana,1,Nayab Hussain,,852,4,1
Punahana,4,Ataullah,ASP(KR),829,5,0
Punahana,0,Daya Wati,INLD,289,6,0
Punahana,6,Sajid,,204,7,0
Pundri,1,Satpal Jamba,BJP,42544,1,1
Pundri,15,Satbir Bhana,,40380,2,1
Pundri,2,Sultan Jadaula,INC,25963,3,1
Pundri,7,Gurinder Singh Habri,,8060,4,1
Pundri,14,Sajjan Singh Dhull,,4910,5,0
Pundri,3,Hisam Singh Bhukkal,BSP,4867,6,0
Pundri,8,Dinesh Kaushik,,3076,7,0
Pundri,0,Narender Sharma,,2549,8,0
Pundri,17,Haripal Pahalwan,,496,9,0
Pundri,10,Naresh Kumar Pharal,,393,10,0
Pundri,13,Advocate Rakesh Sharma,,347,11,0
Pundri,11,Parmod Chuharmajra,,311,12,0
Pundri,4,Babu Ram,,232,13,0
Pundri,6,Amit Kumar,,152,14,0
Pundri,9,Dilbag Bhana,,130,15,0
Pundri,16,Sunita Battan,,118,16,0
Pundri,5,Engineer Suresh Kumar,,98,17,0
Pundri,12,Randhir Singh Gollen,,88,18,0
Radaur,3,Shyam Singh Rana,BJP,73117,1,1
Radaur,1,Dr. Bishan Lal Saini,INC,59868,2,1
Radaur,0,Dharampal Tigra,BSP,11153,3,1
Radaur,2,Bhim Singh Rathi,,3233,4,1
Radaur,6,Mandeep Topra,ASP(KR),2952,5,0
Radaur,5,Diwan Chand Kamboj,,601,6,0
Radaur,9,Jai Parkash Sharma,,312,7,0
Radaur,4,Dayanand,,259,8,0
Radaur,7,Anil Kumar Batta,,176,9,0
Radaur,8,Ashok Kumar,,173,10,0
Rai,0,Krishna Gahlawat,BJP,64478,1,1
Rai,1,Jai Bhagwan Antil,INC,59667,2,1
Rai,8,Prateek Rajkumar Sharma,,12243,3,1
Rai,2,Parmod Dahiya,INLD,701,4,1
Rai,11,Rahul Kiroriwal,,634,5,0
Rai,13,Sitender,,400,6,0
Rai,3,Bijender,JJP,306,7,0
Rai,4,Rajesh Saroha,,280,8,0
Rai,5,Devender Singh,,225,9,0
Rai,7,Sant Dharamveer Chotivala,,102,10,0
Rai,12,Sandeep Kumar,,74,11,0
Rai,9,Bijender Kumar,,65,12,0
Rai,6,Mukesh Tapsi,,60,13,0
Rai,10,Rajesh Kumar,,60,14,0
Rania,0,Arjun Chautala,INLD,43719,1,1
Rania,2,Sarv Mitter,INC,39491,2,1
Rania,11,Ranjit Singh,,36313,3,1
Rania,1,Sheeshpal Kamboj,BJP,15622,4,1
Rania,3,Harpinder Singh,,4680,5,0
Rania,8,Gagan Deep Jalandhra,,936,6,0
Rania,6,Sanjay Malik,,477,7,0
Rania,12,Vikram Kharian,,452,8,0
Rania,10,Joginder Ram,,435,9,0
Rania,13,Satpal Verma,,271,10,0
Rania,9,Gottam Saharan,,247,11,0
Rania,4,Dalbir Singh,,242,12,0
Rania,5,Lucky Balmiki,,140,13,0
Rania,7,Arjun Dass,,92,14,0
Ratia,0,Jarnail Singh,INC,85883,1,1
Ratia,4,Sunita Duggal,BJP,64751,2,1
Ratia,3,Ramsarup Rama,,5731,3,1
Ratia,1,Mukhtyar Singh Bazigar,,3269,4,1
Ratia,2,Ramesh,JJP,993,5,0
Ratia,6,Tejpal,,609,6,0
Ratia,5,Surjit Singh Pardhan,,540,7,0
Ratia,7,Raj Kumar,,396,8,0
Ratia,9,Surender Kumar Phoolan,,228,9,0
Ratia,8,Rajbir,,219,10,0
Rewari,1,Laxman Singh Yadav,BJP,83236,1,1
Rewari,0,Chiranjeev Rao,INC,54365,2,1
Rewari,2,Satish Yadav,,18365,3,1
Rewari,9,Prashant Sunny Yadav,,7731,4,1
Rewari,3,Somany Vijay,BSP,751,5,0
Rewari,11,Shishupal,,350,6,0
Rewari,10,Sanjay Sharma,,276,7,0
Rewari,5,Moki Devi,ASP(KR),204,8,0
Rewari,6,Ranbir Singh,,174,9,0
Rewari,4,Kartar Singh Thekedar,,153,10,0
Rewari,8,Rao Jitender Kumar,,84,11,0
Rewari,7,Omdutt Yadav,,54,12,0
Rohtak,3,Bharat Bhushan Batra,INC,58830,1,1
Rohtak,4,Manish Kumar Grover,BJP,57805,2,1
Rohtak,2,Bijender Hooda,,1180,3,1
Rohtak,1,Dilour Mehra,INLD,423,4,1
Rohtak,0,Jitender Balhara,JJP,268,5,0
Rohtak,5,Parveen Kumar,,171,6,0
Rohtak,7,Mahender Bagri,,138,7,0
Rohtak,11,Bishamber Kumar,,98,8,0
Rohtak,12,Bhushan Bharat,,86,9,0
Rohtak,6,Manisha Mokhra,,58,10,0
Rohtak,8,Ashwani Malik,,38,11,0
Rohtak,13,Yashpal,,32,12,0
Rohtak,9,Anand Kumar,,30,13,0
Rohtak,10,Navdeep Singh Raman,,27,14,0
Rohtak,14,Surender Kumar,,18,15,0
Sadhaura,3,Renu Bala,INC,57248,1,1
Sadhaura,0,Balwant Singh,BJP,55608,2,1
Sadhaura,1,Brij Pal,BSP,53388,3,1
Sadhaura,6,Sohil,ASP(KR),4459,4,1
Sadhaura,2,Rita Rani,,933,5,0
Sadhaura,8,Beta Mamchand Rattu,,437,6,0
Sadhaura,4,Jai Pal,,329,7,0
Sadhaura,5,Jasbir Singh,,290,8,0
Sadhaura,7,Pooja Nagra,,210,9,0
Safidon,2,Ram Kumar Gautam,BJP,58699,1,1
Safidon,3,Subhash Gangoli,INC,54517,2,1
Safidon,9,Jasbir Deswal,,20066,3,1
Safidon,10,Bachan Singh Arya,,8746,4,1
Safidon,4,Sushil Bairagi,JJP,810,5,0
Safidon,1,Pinki Kundu,BSP,806,6,0
Safidon,13,Vipuls,,420,7,0
Safidon,8,Gurmeet,,298,8,0
Safidon,6,Advocate Rinku Muana,,296,9,0
Safidon,12,Vijay Pal,,223,10,0
Safidon,7,Kumar Ajit,,191,11,0
Safidon,0,Nisha Deswal,,185,12,0
Safidon,15,Suyag,,107,13,0
Safidon,5,Rakesh Kumar,,92,14,0
Safidon,14,Ubhash Saini,,73,15,0
Safidon,11,Monu Lohan,,65,16,0
Safidon,16,Sushil Kumar,,31,17,0
Samalkha,3,Manmohan Bhadana,BJP,80950,1,1
Samalkha,2,Dharam Singh Chhoker,INC,61610,2,1
Samalkha,5,Ravinder Machhrauli,,21066,3,1
Samalkha,4,Rajesh,INLD,1097,4,1
Samalkha,1,Jaikanwar Alias Bittu Pahalwan,,1048,5,0
Samalkha,0,Gangaram Swami,JJP,846,6,0
Samalkha,6,Satish Kumar,,286,7,0
Shahbad,0,Ram Karan,INC,61050,1,1
Shahbad,1,Subhash Chand,BJP,54609,2,1
Shahbad,2,Chander Bhan Chauhan,BSP,1638,3,1
Shahbad,3,Kanta Aalldia,Mission Ekta Party,1333,4,1
Shahbad,4,Asha Rani,AAP,932,5,0
Shahbad,5,Rajeeta Singh,JJP,431,6,0
Shahbad,6,Pawan Kumar,IND,358,7,0
Shahbad,7,Rajesh Kanipla,IND,235,8,0
Shahbad,8,Shiv Nath,IND,185,9,0
Sirsa,0,Gokul Setia,INC,78466,1,1
Sirsa,3,Gopal Kanda,,71566,2,1
Sirsa,1,Pawan Sherpura,JJP,1751,3,1
Sirsa,8,Ca Darvesh Swami,,1167,4,1
Sirsa,2,Shyam Sunder,,846,5,0
Sirsa,9,Bharat Kumar Girdhar @ Sunny Singh,,577,6,0
Sirsa,10,Madan Lal,,446,7,0
Sirsa,12,Rajbeer,,302,8,0
Sirsa,4,Jaiveer Singh,,284,9,0
Sirsa,5,Mani Ram,,246,10,0
Sirsa,11,Yogesh Kanodia,,208,11,0
Sirsa,6,Yogesh Odd,,163,12,0
Sirsa,7,Om Parkash,,79,13,0
Sohna,0,Tejpal Tanwar,BJP,60994,1,1
Sohna,2,Rohtas Singh,INC,49177,2,1
Sohna,7,Ahmed Javed,,49171,3,1
Sohna,6,Kalyan Singh,,21703,4,1
Sohna,3,Sunder Bhadana,BSP,15454,5,0
Sohna,1,Dharmendra Khatana,,2852,6,0
Sohna,5,Vinesh Gujjar Ghata,ASP(KR),2037,7,0
Sohna,4,Ataullah Khan,,506,8,0
Sohna,8,Dayaram,,256,9,0
Sohna,9,Subhash Chand,,252,10,0
Sonipat,1,Nikhil Madaan,BJP,84575,1,1
Sonipat,3,Surender Panwar,INC,54727,2,1
Sonipat,0,Devinder Gautam,,1193,3,1
Sonipat,2,Sardharam Singh,INLD,1022,4,1
Sonipat,6,Rajiv Verma,,761,5,0
Sonipat,4,Ishwar Singh Rathee,,246,6,0
Sonipat,7,Rajesh,ASP(KR),226,7,0
Sonipat,11,Ramesh Khatri Lamberdar,,208,8,0
Sonipat,9,Dr. Kamlesh Kumar Saini,,116,9,0
Sonipat,8,Sushil Kumar Manav,,104,10,0
Sonipat,5,Pawan Sanatani,,70,11,0
Sonipat,10,Dharambir Foji,,60,12,0
Thanesar,0,Ashok Kumar Arora,INC,69293,1,1
Thanesar,3,Subhash Sudha,BJP,66450,2,1
Thanesar,1,Krishan Bajaj,,2927,3,1
Thanesar,2,Tanuja,BSP,1690,4,1
Thanesar,4,Surya Partap Singh Rathore,JJP,381,5,0
Thanesar,6,Abhishek Punia,,159,6,0
Thanesar,5,Jaiveer Singh Ranga,,141,7,0
Thanesar,8,Mehar,,92,8,0
Thanesar,7,Ashok Kumar,,71,9,0
Tigaon,2,Rajesh Nagar,BJP,94084,1,1
Tigaon,9,Lalit Nagar S/O Late Bharat Singh Nagar,,56729,2,1
Tigaon,3,Rohit Nagar,INC,21599,3,1
Tigaon,8,Girraj Sharma,,11802,4,1
Tigaon,0,Abhash Chandela,,5665,5,0
Tigaon,6,Shiv Narayan Dubey,,3977,6,0
Tigaon,4,Lal Chand Sharma,BSP,3682,7,0
Tigaon,7,Someshwar Singh,,1022,8,0
Tigaon,10,Lalit Nagar S/O Vijay Pal,,978,9,0
Tigaon,1,Tika Ram,JJP,854,10,0
Tigaon,11,Sandeep Mehta,,533,11,0
Tigaon,5,Ram Bahadur,,313,12,0
Tigaon,12,Pundit Subhash Chandra Dubey Gorakhpuri,,298,13,0
Tohana,2,Paramvir Singh,INC,87892,1,1
Tohana,1,Devender Singh Babli,BJP,77363,2,1
Tohana,0,Kunal Karan Singh,INLD,9730,3,1
Tohana,3,Sukhvinder Singh S/O Avtar Singh,,1604,4,1
Tohana,4,Hawa Singh Khobra,JJP,588,5,0
Tohana,11,Sukhvinder Singh S/O Baldev Singh,,394,6,0
Tohana,9,Rameshwar Lal,,323,7,0
Tohana,10,Ray Singh,,311,8,0
Tohana,5,Karambir,,262,9,0
Tohana,7,Narender Siwach Tinu,,151,10,0
Tohana,6,Dharampal Shere Gill,,70,11,0
Tohana,8,Nikhil Kumar,,66,12,0
Tosham,4,Shruti Choudhry,BJP,75728,1,1
Tosham,0,Anirudh Chaudhary,INC,61417,2,1
Tosham,14,Shashi Ranjan Parmar,,15776,3,1
Tosham,3,Rajesh Bhardwaj,JJP,2157,4,1
Tosham,1,Om Singh,BSP,1623,5,0
Tosham,2,Daljeet Singh,,513,6,0
Tosham,11,Pushpa Devi,,317,7,0
Tosham,13,Rajnish Kumar,,224,8,0
Tosham,8,Subhash Chander,,199,9,0
Tosham,5,Pardeep,,189,10,0
Tosham,6,Baba Balwan Nath,,161,11,0
Tosham,10,Krishan Kumar,,143,12,0
Tosham,12,Balwan Singh,,86,13,0
Tosham,7,Vijender Singh,,59,14,0
Tosham,9,Anil Kumar,,49,15,0
Uchana Kalan,1,Devender Chatar Bhuj Attri,BJP,48721,1,1
Uchana Kalan,3,Brijendra Singh,INC,48300,2,1
Uchana Kalan,18,Virender Ghogharian,,31325,3,1
Uchana Kalan,17,Vikas,,13406,4,1
Uchana Kalan,0,Dushyant Chautala,JJP,7914,5,0
Uchana Kalan,10,Rdilbag Sandil,,7349,6,0
Uchana Kalan,4,Vinod Pal Singh Dulganch,INLD,2641,7,0
Uchana Kalan,2,Pawan Fauji,,2480,8,0
Uchana Kalan,14,Bijender,,338,9,0
Uchana Kalan,6,Amarjeet Singh,,307,10,0
Uchana Kalan,7,Ishwar Khatkar Fouji,,263,11,0
Uchana Kalan,11,Devender,,241,12,0
Uchana Kalan,13,Comrade Pal Singh,,230,13,0
Uchana Kalan,15,Bijender Singh,,229,14,0
Uchana Kalan,5,Master Ajit Arya,,192,15,0
Uchana Kalan,12,Devender Sheoran,,191,16,0
Uchana Kalan,19,Virender Pal,,181,17,0
Uchana Kalan,9,Jogiende,,153,18,0
Uchana Kalan,16,Comrade Ramesh Khatkar,,127,19,0
Uchana Kalan,8,Gurmail Singh,,73,20,0
Uklana,2,Naresh Selwal,INC,77580,1,1
Uklana,0,Anoop Dhanak,BJP,50069,2,1
Uklana,3,Balraj Singh,INLD,11365,3,1
Uklana,1,Narender Khanna,,2040,4,1
Uklana,4,Rohtash,JJP,1212,5,0
Uklana,5,Anil Bithmara,,291,6,0
Uklana,6,Birbal Singh,,276,7,0
Yamunanagar,1,Ghanshyam Dass,BJP,72967,1,1
Yamunanagar,3,Raman Tyagi,INC,50455,2,1
Yamunanagar,2,Dilbag Singh,INLD,35981,3,1
Yamunanagar,4,Lalit Kumar Tyagi,,1649,4,1
Yamunanagar,0,Intzar Ali,JJP,493,5,0
Yamunanagar,8,Kapils,,278,6,0
Yamunanagar,7,Manga Ram,,246,7,0
Yamunanagar,6,Nirmaljeet Kaur,,231,8,0
Yamunanagar,9,Ukhwinder,,229,9,0
Yamunanagar,5,Kanchan Sharma,,141,10,0
